{"cameraMode":{"drawMode":0,"name":"Shaded","section":"Shading Mode"},"sceneLighting":false,"audioPlay":false,"sceneViewState":{"showFog":false,"showMaterialUpdate":true,"showSkybox":true,"showFlares":true,"showImageEffects":true,"showParticleSystems":true},"in2DMode":false,"pivot":{"x":-41.3687858581543,"y":-6.879925727844238,"z":83.8272933959961},"rotation":{"x":-0.05772733315825462,"y":0.49022993445396426,"z":-0.03253260627388954,"w":-0.8690893054008484},"size":32.78237533569336,"orthographic":false}