{"cameraMode":{"drawMode":0,"name":"Shaded","section":"Shading Mode"},"sceneLighting":false,"audioPlay":false,"sceneViewState":{"showFog":true,"showMaterialUpdate":false,"showSkybox":false,"showFlares":true,"showImageEffects":true,"showParticleSystems":true},"in2DMode":false,"pivot":{"x":0.03558540344238281,"y":-0.10465383529663086,"z":-1.215304970741272},"rotation":{"x":0.1908646672964096,"y":0.6298795342445374,"z":-0.16358740627765656,"w":0.7349022030830383},"size":6.551122665405273,"orthographic":false}